name,img,ingredients,link
主人が、いくらでも食べれると絶賛のナス・ピーマン,https://recipe.r10s.jp/recipe-space/d/strg/ctrl/3/eb2f27f434436225566c034083f98ddf2aaa0a50.50.2.3.2.jpg,長ナス、ピーマン、砂糖、醤油、ゴマ油orサラダ油、だしの素、白いりゴマ,https://recipe.rakuten.co.jp/recipe/1290001623/
簡単☆本格ハンバーグソース,https://recipe.r10s.jp/recipe-space/d/strg/ctrl/3/50fe37bda3c657b77f2842d28727ceb3e8d89f4e.31.2.3.2.jpg,ケチャップ、ソース、バター、砂糖,https://recipe.rakuten.co.jp/recipe/1570003792/
なすがとろける✿簡単❤焼きなすの煮びたし,https://recipe.r10s.jp/recipe-space/d/strg/ctrl/3/1f7d28e4fbbeed2f559e0ee7f2a56392702f8c2f.30.2.3.2.jpg,茄子、ごま油、☆生姜のすりおろし、☆めんつゆ（３倍濃縮）、☆水、ねぎ（小ねぎ等）,https://recipe.rakuten.co.jp/recipe/1010011230/
プロ直伝！ニラともやしの卵炒め,https://recipe.r10s.jp/recipe-space/d/strg/ctrl/3/470d7126e612f8c2c2bd49bda6ec71c57cb8fa5f.46.2.3.2.jpg,ニラ、もやし、卵、マヨネーズ、塩・こしょう、おろしニンニク、おろししょうが、★オイスターソース、★醤油、ゴマ油,https://recipe.rakuten.co.jp/recipe/1050010995/
プロ直伝！野菜炒め,https://recipe.r10s.jp/recipe-space/d/strg/ctrl/3/664a2b71daa6345d38d20ab87a0ec4d925d6f09c.46.2.3.2.jpg,豚こま肉、キャベツ、ニンジン、ピーマン、もやし、★鶏スープの素、★醤油、★塩・こしょう、★オイスターソース、★水溶き片栗粉(水１：片栗粉１)、小麦粉、サラダ油,https://recipe.rakuten.co.jp/recipe/1050010857/
栗の甘煮,https://recipe.r10s.jp/recipe-space/d/strg/ctrl/3/cd904f8b4fe5f836a3b07a975da701781633a657.10.2.3.2.jpg,栗（剝いた状態、生と冷凍どちらでも可）、砂糖、塩,https://recipe.rakuten.co.jp/recipe/1700009670/
ご飯がすすむ♪ 豚肉となすの味噌炒め☆,https://recipe.r10s.jp/recipe-space/d/strg/ctrl/3/b9439a7c2fd591879279d91e61d4fb6b09388f27.92.2.3.2.jpg,豚バラ肉、なす、ピーマン、オリーブオイル、・・調味料、Ａ・・、味噌、酒、砂糖、しょうゆ,https://recipe.rakuten.co.jp/recipe/1390015585/
余った茹で栗を簡単リメイク甘露煮に,https://recipe.r10s.jp/recipe-space/d/strg/ctrl/3/5656c235a1f8a8196d6f26bdd6adc256fc21ae02.92.9.3.3.jpg,茹で栗、水、きび砂糖、本みりん、塩,https://recipe.rakuten.co.jp/recipe/1240065403/
ささみときゅうりの中華風酢の物,https://recipe.r10s.jp/recipe-space/d/strg/ctrl/3/eb6820a8c1b7035022ebbd7cd621ece8221a65e8.97.2.3.2.jpg,きゅうり、ささみ、◎ゴマ油、◎しょうゆ、◎酢、◎砂糖、塩,https://recipe.rakuten.co.jp/recipe/1180006148/
離乳食後期～手づかみ食べに！豆腐ハンバーグ,https://recipe.r10s.jp/recipe-space/d/strg/ctrl/3/9ff982da59bfc1ea428d793f3412c5fc6da7f7c7.70.2.3.2.jpg,鶏ひき肉、絹ごし豆腐、玉ねぎ、ニンジン、小松菜、片栗粉、醤油、オリーブオイル,https://recipe.rakuten.co.jp/recipe/1070040366/
ジャガイモとチーズだけ！！【簡単ガレット】,https://recipe.r10s.jp/recipe-space/d/strg/ctrl/3/4b97079b047aedb6fee22c664d758e8bbb33a292.47.9.3.3.jpg,ジャガイモ、ピザ用チーズ、片栗粉、塩コショウ、オリーブオイル,https://recipe.rakuten.co.jp/recipe/1860023243/
我が家の人気者！！鶏の唐揚げ,https://recipe.r10s.jp/recipe-space/d/strg/ctrl/3/638f1f80507338fe75ff0907396ce70ead09cdd2.48.2.3.2.jpg,鶏もも肉、★しょう油、★塩、★酒、★砂糖、★にんにくのすりおろし、★こしょう、片栗粉,https://recipe.rakuten.co.jp/recipe/1270000186/
食べだすと、とまらない☆揚げ里芋の甘辛！,https://recipe.r10s.jp/recipe-space/d/strg/ctrl/3/66fc7af1b72e6955647b36f1434950cde8a37e14.26.2.3.2.jpg,里芋、片栗粉、●醤油、●砂糖、●みりん、●酢、揚げ油,https://recipe.rakuten.co.jp/recipe/1950012560/
れんこんのきんぴら,https://recipe.r10s.jp/recipe-space/d/strg/ctrl/3/61caf93e413be1dc3630e91fa6aa7e3580a9e274.64.2.3.2.jpg,れんこん、にんじん、こんにゃく、だし汁、しょうゆ、砂糖、みりん、ゴマ油、白ゴマ,https://recipe.rakuten.co.jp/recipe/1670001861/
さっぱり！簡単！無限ナスのポン酢で焼き浸し。,https://recipe.r10s.jp/recipe-space/d/strg/ctrl/3/2cb666a33afaee459ced30fc75727636da79e2a1.11.9.3.3.jpg,ナス、ポン酢、ごま油、刻みネギ、かつお節,https://recipe.rakuten.co.jp/recipe/1360024020/
節約♫簡単♫ひき肉の肉じゃが風,https://recipe.r10s.jp/recipe-space/d/strg/ctrl/3/838255a5194b290858b3354d909362faf4de9696.12.2.3.2.jpg,豚ひき肉、玉ねぎ、じゃが芋、万能ネギ、サラダ油、◎水、◎酒、◎みりん、◎砂糖、◎醤油、◎だしの素,https://recipe.rakuten.co.jp/recipe/1510019982/
プロ直伝！豚の生姜焼き,https://recipe.r10s.jp/recipe-space/d/strg/ctrl/3/523177236da9ad737e95ac2d0be83e4e991f9373.46.2.3.2.jpg,豚ロース薄切り肉(しゃぶしゃぶ用)、タマネギ(小)、小麦粉、★おろししょうが、★醤油、★酒、★みりん、★砂糖、マヨネーズ、サラダ油,https://recipe.rakuten.co.jp/recipe/1050010236/
牛肉と玉ねぎのプルコギ風炒め,https://recipe.r10s.jp/recipe-space/d/strg/ctrl/3/7a7a42cfabb5149ce58a912d6e4bdd89ffcfcde6.72.9.3.3.jpg,牛肉肩ロース切落し、にんじん、玉ねぎ、にら、ごま油、白いりごま、A:、しょうゆ、A:、コチュジャン、A:、酒、A:、砂糖、A:、おろしにんにく（チューブ）、A:、おろししょうが（チューブ）,https://recipe.rakuten.co.jp/recipe/1080037506/
簡単！旦那が絶賛するハンバーグソース♡,https://recipe.r10s.jp/recipe-space/d/strg/ctrl/3/9cb3993b8370b7f8e8c512f10b6a9f47fa1af00a.88.2.3.2.jpg,たまねぎ、焼肉のたれ、しょう油、砂糖、塩・こしょう,https://recipe.rakuten.co.jp/recipe/1570006548/
我が家の定番✧ホクホクかぼちゃの煮物,https://recipe.r10s.jp/recipe-space/d/strg/ctrl/3/90138ff7d78ff3aa57da97623aae9d4f0c6a4c27.50.9.3.3.jpg,かぼちゃ、★水、★砂糖、★だしの素（昆布）、✩醤油、✩酒、✩みりん,https://recipe.rakuten.co.jp/recipe/1410016161/
我が家の王道カレーライス♪寝かせなくても美味しい♪,https://recipe.r10s.jp/recipe-space/d/strg/ctrl/3/fa3117b7037beaf99e2576983ddfce2fc6772063.94.2.3.2.jpg,薄切り肉(牛、豚どちらでもOK)、玉ねぎ、にんじん、じゃがいも、サラダ油(野菜を炒める時)、市販カレールー、水、塩コショウ、ローリエ、A、ケチャップ、A、ウスターソース、A、トンカツソース、A.すりおろしにんにく、ご飯,https://recipe.rakuten.co.jp/recipe/1080009668/
炊飯器で中までとろとろ♪ご飯に合う☆鶏大根,https://recipe.r10s.jp/recipe-space/d/strg/ctrl/3/6f861775d33cfe034212620bd577711a40dffcda.08.2.3.2.jpg,大根、鶏もも肉、●水、●お酒、●和風顆粒だし、●醤油、●砂糖、いりごま（仕上げで）,https://recipe.rakuten.co.jp/recipe/1070037540/
簡単すぎ？フライパン一つの揚げ出し豆腐,https://recipe.r10s.jp/recipe-space/d/strg/ctrl/3/991c6690b185a1b1237f52212af37a5579631845.99.2.3.2.jpg,豆腐（木綿でも絹ごしでも）、片栗粉、サラダ油、和風つゆの素（昆布だしの素とか）、みりん、水,https://recipe.rakuten.co.jp/recipe/1200000815/
甘辛タレの激ウマ唐揚げ,https://recipe.r10s.jp/recipe-space/d/strg/ctrl/3/09341cf043c84d5cf9660497a48755c4f82fa4bf.73.2.3.2.jpg,鳥もも肉、☆おろしにんにく、☆塩、片栗粉、揚げ油、◎砂糖、◎醤油、◎いりごま,https://recipe.rakuten.co.jp/recipe/1360009627/
小松菜の一番美味しい食べ方！小松菜の胡麻和え,https://recipe.r10s.jp/recipe-space/d/strg/ctrl/3/ee6bd9572b672328487d0f17039867b3254720c9.03.2.3.2.jpg,小松菜、◉調味料、醤油、砂糖、すりごま,https://recipe.rakuten.co.jp/recipe/1820027209/
子どもも大好き★ふわふわ煮込みハンバーグ,https://recipe.r10s.jp/recipe-space/d/strg/ctrl/3/700d95f00598e6bbe81a39c89496faceead16311.16.2.3.2.jpg,牛豚合い挽き肉、玉ねぎ、☆絹豆腐、☆卵、☆パン粉、☆塩胡椒、☆塩、★ケチャップ、★ウスターソース、★酒、★みりん,https://recipe.rakuten.co.jp/recipe/1680007065/
丸亀うどんの完全再現レシピ！絶品かしわ天,https://recipe.r10s.jp/recipe-space/d/strg/ctrl/3/e066ba3eaac8e2d65d7c398789b2bf571680b2ff.51.9.3.3.jpg,鶏むね肉、てんぷら粉（日清コツのいらない天ぷら粉）、水＊てんぷら粉の種類によって違うので注意、油、合わせ調味料、塩麹（液体）、麺つゆ、酒、すりおろし生姜、すりおろしにんにく,https://recipe.rakuten.co.jp/recipe/1150024682/
マヨネーズが隠し味★おいしいハンバーグ,https://recipe.r10s.jp/recipe-space/d/strg/ctrl/3/30c68ba6ebc0d06f3c7e4e30374999f1455ea79d.28.2.3.2.jpg,ひき肉（好みのものを）、玉ねぎ、マヨネーズ、卵、パン粉、塩コショウ,https://recipe.rakuten.co.jp/recipe/1150002336/
厚揚げと大根の煮物,https://recipe.r10s.jp/recipe-space/d/strg/ctrl/3/4ac4801fcf2af9b3a5f20e28b0c48e70d1e8e1d2.72.9.3.3.jpg,大根、みなさまのお墨付き　厚揚げ、だし、上白糖、みりん、酒、しょうゆ、青ねぎ,https://recipe.rakuten.co.jp/recipe/1080043055/
オクラのおかか醤油,https://recipe.r10s.jp/recipe-space/d/strg/ctrl/3/b90eb2c1d9ae2f75ee4233062d8c4ff9a92eb76a.54.2.3.2.jpg,オクラ、かつお節、しょうゆ、味の素、塩（下ごしらえ用）,https://recipe.rakuten.co.jp/recipe/1220003007/
柔らかくてトロッとろ✿冬瓜と油揚げの煮物❤,https://recipe.r10s.jp/recipe-space/d/strg/ctrl/3/13637e4adfa53c21981cc81627c7b02e010b96d2.30.2.3.2.jpg,冬瓜（とうがん）、油揚げ、☆水、☆顆粒だし（ほんだし）、☆だし醤油、☆みりん、☆酒、めんつゆ（３倍濃縮）,https://recipe.rakuten.co.jp/recipe/1010011436/
にんにく醤油！スタミナ豚もやし炒め,https://recipe.r10s.jp/recipe-space/d/strg/ctrl/3/6a4d8cb741028100bad881c3a7c7e7e657c929ec.50.2.3.2.jpg,もやし、ニラ、豚バラ肉、油、★醤油、★酒、★砂糖、★にんにく,https://recipe.rakuten.co.jp/recipe/1410014917/
かんたん酢だけで作る☆簡単ミョウガの甘酢漬け,https://recipe.r10s.jp/recipe-space/d/strg/ctrl/3/28d13839e7b4f332f0cc31dbcf90ac32704fac05.73.2.3.2.jpg,茗荷、ミツカンかんたん酢,https://recipe.rakuten.co.jp/recipe/1260018277/
ほっこり〜栗の甘露煮〜,https://recipe.r10s.jp/recipe-space/d/strg/ctrl/3/d2b04db428cfa6e9c09177f66d4067fab4d43497.01.2.3.2.jpg,栗、水、砂糖、みりん、塩、（あれば）クチナシの実,https://recipe.rakuten.co.jp/recipe/1570000075/
なすのみぞれ煮,https://recipe.r10s.jp/recipe-space/d/strg/ctrl/3/03ac08394fc7d1f44f443cfca9572a7b86e67791.61.2.3.2.jpg,なす、サラダオイル、大根、☆水、☆醤油、☆砂糖、☆顆粒だし、青ねぎ(お好みで),https://recipe.rakuten.co.jp/recipe/1530003795/
夏だ！絹ごし豆腐でふんわりゴーヤーチャンプルー♪,https://recipe.r10s.jp/recipe-space/d/strg/ctrl/3/a5fe503e18f2f5abfe27357997b9dd67ceab4db2.74.2.3.2.jpg,ゴーヤー、豚肉、絹ごし豆腐、卵、人参、（あれば）、酒、めんつゆ（２倍濃縮）、みりん、塩・コショウ、サラダ油,https://recipe.rakuten.co.jp/recipe/1310001611/
子どもにも好評♪豚肉と玉ねぎのガリマヨポン♪,https://recipe.r10s.jp/recipe-space/d/strg/ctrl/3/02af1919815a631d3388e1a287dc51e0a1565d08.28.2.3.2.jpg,豚肉（これはモモ切り落とし）、たまねぎ、マヨネーズ①、マヨネーズ②、ニンニク、ポン酢、あれば青ねぎ（小口切り）,https://recipe.rakuten.co.jp/recipe/1110012603/
簡単！包まないシュウマイ,https://recipe.r10s.jp/recipe-space/d/strg/ctrl/3/c254fe2fe6f793a0cda9f35e35e1ee0bbead64e0.30.9.3.3.jpg,豚ミンチ、玉ねぎ、シュウマイの皮、キャベツ、★片栗粉、★醤油、★砂糖、★ごま油、★生姜チューブ,https://recipe.rakuten.co.jp/recipe/1870020220/
味が染みて美味しい♪手羽先の煮物,https://recipe.r10s.jp/recipe-space/d/strg/ctrl/3/bc6ef4e41c2cb281ae9007d25e53342c0e3c7b53.18.2.3.2.jpg,手羽先、茹で卵、☆醤油、☆砂糖、☆酒、☆和風だしの素、☆おろししょうがチューブ、☆水,https://recipe.rakuten.co.jp/recipe/1560010264/
♪♪絶品★煮込みハンバーグ～きのこソース～♪♪,https://recipe.r10s.jp/recipe-space/d/strg/ctrl/3/abc72ec786991aef711f29b9e4d3070da3750e59.21.2.3.2.jpg,たまねぎ、合挽き肉、卵、しめじ、パン粉、牛乳、塩・こしょう、◎水、◎酒、◎ケチャップ、◎中濃ソース、◎しょうゆ,https://recipe.rakuten.co.jp/recipe/1210001589/
豚肉とえのきの炒め物,https://recipe.r10s.jp/recipe-space/d/strg/ctrl/3/b77aee6a9430fd1f7dd014cd4c79bfa70e9c64f5.27.2.3.2.jpg,豚小間、えのき、★醤油、★砂糖、★みりん,https://recipe.rakuten.co.jp/recipe/1550010504/
栗の甘露煮♪クチナシの実無し,https://recipe.r10s.jp/recipe-space/d/strg/ctrl/3/b414758bad3b88ebac462f2c73ead053ffd99948.83.9.3.3.jpg,剥き栗、A：水、A:砂糖、A:みりん、A:塩,https://recipe.rakuten.co.jp/recipe/1940027976/
Kタッキー風☆手羽元フライドチキン,https://recipe.r10s.jp/recipe-space/d/strg/ctrl/3/5c3ce8773c2090ace10f305ef9b5ce6ae6778910.93.2.3.2.jpg,鶏手羽元、【下味】マジックソルト、【下味】すりおろしにんにく、【下味】すりおろししょうが、【下味】コンソメ、【下味】卵、【下味】黒胡椒、小麦粉、片栗粉、揚げ油,https://recipe.rakuten.co.jp/recipe/1830003033/
お弁当に☆切り干し大根の煮物,https://recipe.r10s.jp/recipe-space/d/strg/ctrl/3/4057763b298be2e295c227306a448f8c2feba55a.57.2.3.2.jpg,切り干し大根、油揚げ、にんじん、だし汁＋戻し汁、酒、みりん、醤油,https://recipe.rakuten.co.jp/recipe/1780013829/
ふわふわハンバーグ☆手づかみ離乳食,https://recipe.r10s.jp/recipe-space/d/strg/ctrl/3/8d868b36a7311e3a103fed154606e07e3235c1e0.80.2.3.2.jpg,豚ひき肉、(鶏ひき肉や合挽きでも)、豆腐、人参や玉ねぎなど、卵、パン粉,https://recipe.rakuten.co.jp/recipe/1930014476/
ナスの甘辛煮,https://recipe.r10s.jp/recipe-space/d/strg/ctrl/3/eaa82f4f31c15d0777d709828a4a7771810a9126.97.2.3.2.jpg,なす、サラダ油、砂糖、みりん、しょうゆ、酒,https://recipe.rakuten.co.jp/recipe/1540010623/
私の決定版◎圧力鍋でトロトロ♪豚の角煮＆大根,https://recipe.r10s.jp/recipe-space/d/strg/ctrl/3/9a079e66ce806026cbc9bcde00041cc9af3d3cc7.91.2.3.2.jpg,豚バラ肉ブロック、大根、●しょうが（薄切り）、●長ネギの青い部分（あれば）、●酒（日本酒・泡盛等料理酒以外）、☆水、☆酒、☆醤油、☆砂糖,https://recipe.rakuten.co.jp/recipe/1220015751/
ジューシーな餃子☆,https://recipe.r10s.jp/recipe-space/d/strg/ctrl/3/cec263837c9c6768cf2a0681d5821560c9004983.86.2.3.2.jpg,豚ひき肉、☆にら、☆きゃべつ、☆長ねぎ、☆にんにく、☆しょうが(にんにくと同量)、★ごま油、★酒、★醤油、★砂糖、★鶏がらスープのもと、★塩こしょう、餃子の皮、片栗粉,https://recipe.rakuten.co.jp/recipe/1890007735/
なすとピーマンの甘味噌炒めです☆少ない油で旨旨に♪,https://recipe.r10s.jp/recipe-space/d/strg/ctrl/3/66011a2a3006084d163ec0857ca9c652e4d0beb7.98.2.3.2.jpg,なすを乱切り、ピーマンを乱切り、サラダ油、＊味噌　砂糖、＊みりん　料理酒、＊醤油、炒りごま、ごま油,https://recipe.rakuten.co.jp/recipe/1570012462/
ひき肉とジャガイモで、ジャガイモのそぼろ煮,https://recipe.r10s.jp/recipe-space/d/strg/ctrl/3/b60c86ee4c10abaf804b26050b2c4daa0126ca70.30.2.3.2.jpg,ジャガイモ、豚ひき肉、しょうが、煮汁、・しょう油　みりん　酒　お水、砂糖、ダシの素,https://recipe.rakuten.co.jp/recipe/1400000687/
